{
    "parent": "minecraft:recipes/root",
    "criteria": {
        "stonecutter": {
            "trigger": "minecraft:placed_block",
            "conditions": {
                "block": [
                    {
                        "block": "minecraft:stonecutter"
                    }
                ]
            }
        }
    },
    "requirements": [
        [
           
        ]
    ],
    "rewards": {
        "recipes": [
            "strip:stripped_oak_log",
			"strip:stripped_oak_wood",
			"strip:stripped_birch_log",
			"strip:stripped_birch_wood",
			"strip:stripped_spruce_log",
			"strip:stripped_spruce_wood",
			"strip:stripped_jungle_log",
			"strip:stripped_jungle_wood",
			"strip:stripped_acacia_log",
			"strip:stripped_acacia_wood",
			"strip:stripped_dark_oak_log",
			"strip:stripped_dark_oak_wood",
			"strip:stripped_crimson",
			"strip:stripped_warped",
			"strip:stripped_crimson_full",
			"strip:stripped_warped_full"
			
			]
    }
}