{    "type": "crafting_shapeless",    "result": {        "item": "minecraft:purple_glazed_terracotta",        "count": 5    },    "group": "universal_dyeing_glazed_terracotta",    "ingredients": [        {            "tag": "universal_dyeing:glazed_terracotta"        },        {            "tag": "universal_dyeing:glazed_terracotta"        },        {            "tag": "universal_dyeing:glazed_terracotta"        },        {            "tag": "universal_dyeing:glazed_terracotta"        },        {            "tag": "universal_dyeing:glazed_terracotta"        },        {            "item": "minecraft:purple_dye"        }    ]}