{
    "parent": "minecraft:recipes/root",
    "criteria": {
        "has_charcoal": {
            "trigger": "minecraft:inventory_changed",
            "conditions": {
                "item": [
                    {
                        "item": "minecraft:charcoal"
                    }
                ]
            }
        }
    },
    "requirements": [
        [
            "has_charcoal"
        ]
    ],
    "rewards": {
        "recipes": [
            "charcoal_ink:black_dye"        ]
    }
}