{    "type": "crafting_shapeless",    "result": {        "item": "minecraft:black_stained_glass",        "count": 8    },    "group": "universal_dyeing_stained_glass",    "ingredients": [        {            "tag": "universal_dyeing:stained_glass"        },        {            "tag": "universal_dyeing:stained_glass"        },        {            "tag": "universal_dyeing:stained_glass"        },        {            "tag": "universal_dyeing:stained_glass"        },        {            "tag": "universal_dyeing:stained_glass"        },        {            "tag": "universal_dyeing:stained_glass"        },        {            "tag": "universal_dyeing:stained_glass"        },        {            "tag": "universal_dyeing:stained_glass"        },        {            "item": "minecraft:black_dye"        }    ]}