{    "parent": "minecraft:recipes/root",    "criteria": {        "has_block": {
            "trigger": "minecraft:inventory_changed",            "conditions": {                "items": [                    {                        "tag": "universal_dyeing:concrete_powder"                    }                ]            }        },        "has_dye": {r\            "trigger": "minecraft:inventory_changed",
            "conditions": {
                "items": [                    {                        "tag": "universal_dyeing:dyes"                    }                ]            }
        }    },    "requirements": [        [            "has_block"        ],        [            "has_dye"        ]    ],    "rewards": {
        "recipes": [            "universal_dyeing:orange_concrete_powder",            "universal_dyeing:magenta_concrete_powder",            "universal_dyeing:light_blue_concrete_powder",            "universal_dyeing:yellow_concrete_powder",            "universal_dyeing:lime_concrete_powder",            "universal_dyeing:pink_concrete_powder",            "universal_dyeing:gray_concrete_powder",            "universal_dyeing:light_gray_concrete_powder",            "universal_dyeing:cyan_concrete_powder",            "universal_dyeing:purple_concrete_powder",            "universal_dyeing:green_concrete_powder",            "universal_dyeing:red_concrete_powder",            "universal_dyeing:black_concrete_powder",            "universal_dyeing:brown_concrete_powder",            "universal_dyeing:blue_concrete_powder",            "universal_dyeing:white_concrete_powder"        ]    }}