{
    "parent": "minecraft:recipes/root",
    "criteria": {
        "has_gold": {
            "trigger": "minecraft:inventory_changed",
            "conditions": {
                "item": [
                    {
                        "item": "minecraft:gold_ingot"
                    }
                ]
            }
        }
    },
    "requirements": [
        [
            "has_gold"
        ]
    ],
    "rewards": {
        "recipes": [
            "special_crafting:bell"]
    }
}