{
    "parent": "minecraft:recipes/root",
    "criteria": {
        "trident": {
            "trigger": "minecraft:inventory_changed",
            "conditions": {
                "item": [
                    {
                        "item": "minecraft:prismarine"
                    }
                ]
            }
        }
    },
    "requirements": [
        [
            "trident"
        ]
    ],
    "rewards": {
        "recipes": [
            "special_crafting:trident"]
    }
}