{
    "parent": "minecraft:recipes/root",
    "criteria": {
        "skull": {
            "trigger": "minecraft:inventory_changed",
            "conditions": {
                "item": [
                    {
                        "item": "minecraft:wither_skull"
                    }
                ]
            }
        }
    },
    "requirements": [
        [
            "skull"
        ]
    ],
    "rewards": {
        "recipes": [
            "special_crafting:wither_rose"]
    }
}