{    "type": "crafting_shapeless",    "result": {        "item": "minecraft:black_terracotta",        "count": 7    },    "group": "universal_dyeing_terracotta",    "ingredients": [        {            "tag": "universal_dyeing:terracotta"        },        {            "tag": "universal_dyeing:terracotta"        },        {            "tag": "universal_dyeing:terracotta"        },        {            "tag": "universal_dyeing:terracotta"        },        {            "tag": "universal_dyeing:terracotta"        },        {            "tag": "universal_dyeing:terracotta"        },        {            "tag": "universal_dyeing:terracotta"        },        {            "item": "minecraft:black_dye"        }    ]}