{    "type": "crafting_shapeless",    "result": {        "item": "minecraft:black_wool",        "count": 7    },    "group": "universal_dyeing_wool",    "ingredients": [        {            "tag": "universal_dyeing:wool"        },        {            "tag": "universal_dyeing:wool"        },        {            "tag": "universal_dyeing:wool"        },        {            "tag": "universal_dyeing:wool"        },        {            "tag": "universal_dyeing:wool"        },        {            "tag": "universal_dyeing:wool"        },        {            "tag": "universal_dyeing:wool"        },        {            "item": "minecraft:black_dye"        }    ]}