{    "type": "crafting_shapeless",    "result": {        "item": "minecraft:blue_terracotta",        "count": 6    },    "group": "universal_dyeing_terracotta",    "ingredients": [        {            "tag": "universal_dyeing:terracotta"        },        {            "tag": "universal_dyeing:terracotta"        },        {            "tag": "universal_dyeing:terracotta"        },        {            "tag": "universal_dyeing:terracotta"        },        {            "tag": "universal_dyeing:terracotta"        },        {            "tag": "universal_dyeing:terracotta"        },        {            "item": "minecraft:blue_dye"        }    ]}