{    "type": "crafting_shapeless",    "result": {        "item": "minecraft:cyan_wool",        "count": 6    },    "group": "universal_dyeing_wool",    "ingredients": [        {            "tag": "universal_dyeing:wool"        },        {            "tag": "universal_dyeing:wool"        },        {            "tag": "universal_dyeing:wool"        },        {            "tag": "universal_dyeing:wool"        },        {            "tag": "universal_dyeing:wool"        },        {            "tag": "universal_dyeing:wool"        },        {            "item": "minecraft:cyan_dye"        }    ]}