{    "type": "crafting_shapeless",    "result": {        "item": "minecraft:glass",        "count": 4    },    "group": "universal_dyeing_stained_glass",    "ingredients": [        {            "tag": "universal_dyeing:stained_glass"        },        {            "tag": "universal_dyeing:stained_glass"        },        {            "tag": "universal_dyeing:stained_glass"        },        {            "tag": "universal_dyeing:stained_glass"        },        {            "item": "minecraft:ice"        }    ]}