{    "type": "crafting_shapeless",    "result": {        "item": "minecraft:green_wool",        "count": 4    },    "group": "universal_dyeing_wool",    "ingredients": [        {            "tag": "universal_dyeing:wool"        },        {            "tag": "universal_dyeing:wool"        },        {            "tag": "universal_dyeing:wool"        },        {            "tag": "universal_dyeing:wool"        },        {            "item": "minecraft:green_dye"        }    ]}