{    "type": "crafting_shapeless",    "result": {        "item": "minecraft:light_gray_terracotta",        "count": 5    },    "group": "universal_dyeing_terracotta",    "ingredients": [        {            "tag": "universal_dyeing:terracotta"        },        {            "tag": "universal_dyeing:terracotta"        },        {            "tag": "universal_dyeing:terracotta"        },        {            "tag": "universal_dyeing:terracotta"        },        {            "tag": "universal_dyeing:terracotta"        },        {            "item": "minecraft:light_gray_dye"        }    ]}