{    "type": "crafting_shapeless",    "result": {        "item": "minecraft:lime_terracotta",        "count": 4    },    "group": "universal_dyeing_terracotta",    "ingredients": [        {            "tag": "universal_dyeing:terracotta"        },        {            "tag": "universal_dyeing:terracotta"        },        {            "tag": "universal_dyeing:terracotta"        },        {            "tag": "universal_dyeing:terracotta"        },        {            "item": "minecraft:lime_dye"        }    ]}