{    "type": "crafting_shapeless",    "result": {        "item": "minecraft:lime_stained_glass_pane",        "count": 5    },    "group": "universal_dyeing_stained_glass_pane",    "ingredients": [        {            "tag": "universal_dyeing:stained_glass_pane"        },        {            "tag": "universal_dyeing:stained_glass_pane"        },        {            "tag": "universal_dyeing:stained_glass_pane"        },        {            "tag": "universal_dyeing:stained_glass_pane"        },        {            "tag": "universal_dyeing:stained_glass_pane"        },        {            "item": "minecraft:lime_dye"        }    ]}