{    "type": "crafting_shapeless",    "result": {        "item": "minecraft:gray_concrete_powder",        "count": 7    },    "group": "universal_dyeing_concrete_powder",    "ingredients": [        {            "tag": "universal_dyeing:concrete_powder"        },        {            "tag": "universal_dyeing:concrete_powder"        },        {            "tag": "universal_dyeing:concrete_powder"        },        {            "tag": "universal_dyeing:concrete_powder"        },        {            "tag": "universal_dyeing:concrete_powder"        },        {            "tag": "universal_dyeing:concrete_powder"        },        {            "tag": "universal_dyeing:concrete_powder"        },        {            "item": "minecraft:gray_dye"        }    ]}