{    "type": "crafting_shapeless",    "result": {        "item": "minecraft:light_blue_concrete_powder",        "count": 8    },    "group": "universal_dyeing_concrete_powder",    "ingredients": [        {            "tag": "universal_dyeing:concrete_powder"        },        {            "tag": "universal_dyeing:concrete_powder"        },        {            "tag": "universal_dyeing:concrete_powder"        },        {            "tag": "universal_dyeing:concrete_powder"        },        {            "tag": "universal_dyeing:concrete_powder"        },        {            "tag": "universal_dyeing:concrete_powder"        },        {            "tag": "universal_dyeing:concrete_powder"        },        {            "tag": "universal_dyeing:concrete_powder"        },        {            "item": "minecraft:light_blue_dye"        }    ]}