{
  "pools": [
        {
            "rolls": 2,
            "entries": [
                {
                    "type": "item",
                    "name": "minecraft:elytra",
                    "weight": 1
                }
            ]
        },
        {
            "rolls": 1,
            "entries": [
                {
                    "type": "item",
                    "name": "minecraft:dragon_egg",
                    "weight": 1
                }
            ]
        },
		{
            "rolls": 1,
            "entries": [
                {
                    "type": "item",
                    "name": "minecraft:shulker_shell",
                    "weight": 1,
					"functions": [
						{
							"function": "set_count",
							"count":4
						}
					]
						
                }
            ]
        }
    ]
}