{    "type": "crafting_shapeless",    "result": {        "item": "minecraft:black_candle",        "count": 8    },    "group": "universal_dyeing_candle",    "ingredients": [        {            "tag": "universal_dyeing:candle"        },        {            "tag": "universal_dyeing:candle"        },        {            "tag": "universal_dyeing:candle"        },        {            "tag": "universal_dyeing:candle"        },        {            "tag": "universal_dyeing:candle"        },        {            "tag": "universal_dyeing:candle"        },        {            "tag": "universal_dyeing:candle"        },        {            "tag": "universal_dyeing:candle"        },        {            "item": "minecraft:black_dye"        }    ]}