{    "type": "crafting_shapeless",    "result": {        "item": "minecraft:candle",        "count": 7    },    "group": "universal_dyeing_candle",    "ingredients": [        {            "tag": "universal_dyeing:candle"        },        {            "tag": "universal_dyeing:candle"        },        {            "tag": "universal_dyeing:candle"        },        {            "tag": "universal_dyeing:candle"        },        {            "tag": "universal_dyeing:candle"        },        {            "tag": "universal_dyeing:candle"        },        {            "tag": "universal_dyeing:candle"        },        {            "item": "minecraft:ice"        }    ]}