{    "type": "crafting_shapeless",    "result": {        "item": "minecraft:light_gray_candle",        "count": 7    },    "group": "universal_dyeing_candle",    "ingredients": [        {            "tag": "universal_dyeing:candle"        },        {            "tag": "universal_dyeing:candle"        },        {            "tag": "universal_dyeing:candle"        },        {            "tag": "universal_dyeing:candle"        },        {            "tag": "universal_dyeing:candle"        },        {            "tag": "universal_dyeing:candle"        },        {            "tag": "universal_dyeing:candle"        },        {            "item": "minecraft:light_gray_dye"        }    ]}