{    "type": "crafting_shapeless",    "result": {        "item": "minecraft:yellow_candle",        "count": 4    },    "group": "universal_dyeing_candle",    "ingredients": [        {            "tag": "universal_dyeing:candle"        },        {            "tag": "universal_dyeing:candle"        },        {            "tag": "universal_dyeing:candle"        },        {            "tag": "universal_dyeing:candle"        },        {            "item": "minecraft:yellow_dye"        }    ]}